nodes,edges,cycleCensusExtension timing (secs),,,,,
,,maxlen = 2,maxlen = 3,maxlen = 4,maxlen = 5,maxlen = 6,maxlen = 7
17,52,0.02099133,0.02184749,0.04654622,0.06170249,0.06916308,0.07043624
100,300,0.05834651,0.05071998,0.1583786,0.3053522,0.7508624,1.85287
500,1000,,,,,,
